{"01-701-1015":{
  "ACT.SV:SCREENING1": " ", 
  "ACT.VS:SCREENING1": "form-ACT-VS-SCREENING1-01-701-1015.pdf", 
  "ACT.SC:none": " ", 
  "ACT.QS:SCREENING1": " ", 
  "ACT.MH:SCREENING1": " ", 
  "ACT.DM:none": " ", 
  "ACT.LB:LABBASELINE": " ", 
  "ACT.SV:SCREENING2": " ", 
  "ACT.VS:SCREENING2": " ", 
  "ACT.SV:BASELINE": " ", 
  "ACT.VS:BASELINE": " ", 
  "ACT.QS:BASELINE": " ", 
  "ACT.EX:BASELINE": " ", 
  "ACT.AE:1001-NOTRESOLVED":" ", 
  "ACT.AE:1002-NOTRESOLVED":" ", 
  "ACT.AE:1003-RESOLVED":" ", 
  "ACT.SV:AMBULECGPLACEMENT": " ", 
  "ACT.VS:AMBULECGPLACEMENT": " ", 
  "ACT.SV:WEEK2": " ", 
  "ACT.VS:WEEK2": " ", 
  "ACT.QS:WEEK2": " ", 
  "ACT.EX:BASELINE": " ", 
  "ACT.LB:WEEK2": " ", 
  "ACT.EX:WEEK2": " ", 
  "ACT.SV:WEEK4": " ", 
  "ACT.VS:WEEK4": " ", 
  "ACT.QS:WEEK4": " ", 
  "ACT.LB:WEEK4": " ", 
  "ACT.SV:AMBULECGREMOVAL": " ", 
  "ACT.VS:AMBULECGREMOVAL": " ", 
  "ACT.SV:WEEK6": " ", 
  "ACT.VS:WEEK6": " ", 
  "ACT.QS:WEEK6": " ", 
  "ACT.LB:WEEK6": " ", 
  "ACT.SV:WEEK8": " ", 
  "ACT.VS:WEEK8": " ", 
  "ACT.QS:WEEK8": " ", 
  "ACT.LB:WEEK8": " ", 
  "ACT.SV:WEEK12": " ", 
  "ACT.VS:WEEK12": " ", 
  "ACT.QS:WEEK12": " ", 
  "ACT.LB:WEEK12": " ", 
  "ACT.SV:WEEK14(T)": " ", 
  "ACT.QS:WEEK14(T)": " ", 
  "ACT.SV:WEEK16": " ", 
  "ACT.VS:WEEK16": " ", 
  "ACT.QS:WEEK16": " ", 
  "ACT.LB:WEEK16": " ", 
  "ACT.SV:WEEK20": " ", 
  "ACT.VS:WEEK20": " ", 
  "ACT.QS:WEEK20": " ", 
  "ACT.LB:WEEK20": " ", 
  "ACT.SV:WEEK22(T)": " ", 
  "ACT.QS:WEEK22(T)": " ", 
  "ACT.SV:WEEK24": " ", 
  "ACT.VS:WEEK24": " ", 
  "ACT.QS:WEEK24": " ", 
  "ACT.EX:WEEK2": " ", 
  "ACT.LB:WEEK24": " ", 
  "ACT.EX:WEEK24": " ", 
  "ACT.SV:WEEK26": " ", 
  "ACT.VS:WEEK26": " ", 
  "ACT.QS:WEEK26": " ", 
  "ACT.EX:WEEK24": " ", 
  "ACT.DS:WEEK26": " ", 
  "ACT.LB:WEEK26": " " 
}
"01-703-1086":{
  "ACT.LB:LABBASELINE": " ", 
  "ACT.SV:SCREENING1": " ", 
  "ACT.VS:SCREENING1": " ", 
  "ACT.SC:none": " ", 
  "ACT.QS:SCREENING1": " ", 
  "ACT.MH:SCREENING1": " ", 
  "ACT.DM:none": " ", 
  "ACT.SV:SCREENING2": " ", 
  "ACT.SV:UNSCHEDULED": " ", 
  "ACT.VS:SCREENING2": " ", 
  "ACT.LB:UNSCHEDULED": " ", 
  "ACT.SV:BASELINE": " ", 
  "ACT.VS:BASELINE": " ", 
  "ACT.QS:BASELINE": " ", 
  "ACT.EX:BASELINE": " ", 
  "ACT.AE:1001-RESOLVED":" ", 
  "ACT.SV:AMBULECGPLACEMENT": " ", 
  "ACT.VS:AMBULECGPLACEMENT": " ", 
  "ACT.SV:WEEK2": " ", 
  "ACT.VS:WEEK2": " ", 
  "ACT.QS:WEEK2": " ", 
  "ACT.EX:BASELINE": " ", 
  "ACT.LB:WEEK2": " ", 
  "ACT.EX:WEEK2": " ", 
  "ACT.SV:WEEK4": " ", 
  "ACT.VS:WEEK4": " ", 
  "ACT.SV:AMBULECGREMOVAL": " ", 
  "ACT.VS:AMBULECGREMOVAL": " ", 
  "ACT.LB:WEEK4": " ", 
  "ACT.AE:1002-RESOLVED":" ", 
  "ACT.SV:WEEK6": " ", 
  "ACT.VS:WEEK6": " ", 
  "ACT.QS:WEEK6": " ", 
  "ACT.LB:WEEK6": " ", 
  "ACT.SV:WEEK8": " ", 
  "ACT.VS:WEEK8": " ", 
  "ACT.QS:WEEK8": " ", 
  "ACT.LB:WEEK8": " ", 
  "ACT.SV:WEEK10(T)": " ", 
  "ACT.QS:WEEK10(T)": " ", 
  "ACT.SV:WEEK12": " ", 
  "ACT.VS:WEEK12": " ", 
  "ACT.QS:WEEK12": " ", 
  "ACT.LB:WEEK12": " ", 
  "ACT.EX:WEEK2": " ", 
  "ACT.SV:WEEK14(T)": " ", 
  "ACT.QS:WEEK14(T)": " ", 
  "ACT.SV:WEEK16": " ", 
  "ACT.VS:WEEK16": " ", 
  "ACT.QS:WEEK16": " ", 
  "ACT.DS:WEEK16": " ", 
  "ACT.LB:WEEK16": " ", 
  "ACT.SV:AEFOLLOW-UP": " ", 
  "ACT.SV:RETRIEVAL": " ", 
  "ACT.VS:RETRIEVAL": " ", 
  "ACT.QS:RETRIEVAL": " "
}
"01-705-1280":{
  "ACT.SV:SCREENING1": " ", 
  "ACT.VS:SCREENING1": " ", 
  "ACT.SC:none": " ", 
  "ACT.QS:SCREENING1": " ", 
  "ACT.MH:SCREENING1": " ", 
  "ACT.DM:none": " ", 
  "ACT.LB:LABBASELINE": " ", 
  "ACT.SV:SCREENING2": " ", 
  "ACT.VS:SCREENING2": " ", 
  "ACT.SV:BASELINE": " ", 
  "ACT.VS:BASELINE": " ", 
  "ACT.QS:BASELINE": " ", 
  "ACT.EX:BASELINE": " ", 
  "ACT.SV:AMBULECGPLACEMENT": " ", 
  "ACT.VS:AMBULECGPLACEMENT": " ", 
  "ACT.SV:WEEK2": " ", 
  "ACT.VS:WEEK2": " ", 
  "ACT.QS:WEEK2": " ", 
  "ACT.EX:BASELINE": " ", 
  "ACT.LB:WEEK2": " ", 
  "ACT.EX:WEEK2": " ", 
  "ACT.SV:WEEK4": " ", 
  "ACT.VS:WEEK4": " ", 
  "ACT.QS:WEEK4": " ", 
  "ACT.LB:WEEK4": " ", 
  "ACT.SV:AMBULECGREMOVAL": " ", 
  "ACT.VS:AMBULECGREMOVAL": " ", 
  "ACT.SV:WEEK6": " ", 
  "ACT.VS:WEEK6": " ", 
  "ACT.QS:WEEK6": " ", 
  "ACT.LB:WEEK6": " ", 
  "ACT.SV:WEEK8": " ", 
  "ACT.VS:WEEK8": " ", 
  "ACT.QS:WEEK8": " ", 
  "ACT.LB:WEEK8": " ", 
  "ACT.SV:WEEK10(T)": " ", 
  "ACT.QS:WEEK10(T)": " ", 
  "ACT.SV:WEEK12": " ", 
  "ACT.VS:WEEK12": " ", 
  "ACT.QS:WEEK12": " ", 
  "ACT.LB:WEEK12": " ", 
  "ACT.AE:1001-NOTRESOLVED":" ", 
  "ACT.SV:WEEK14(T)": " ", 
  "ACT.QS:WEEK14(T)": " ", 
  "ACT.SV:WEEK16": " ", 
  "ACT.VS:WEEK16": " ", 
  "ACT.QS:WEEK16": " ", 
  "ACT.LB:WEEK16": " ", 
  "ACT.SV:WEEK18(T)": " ", 
  "ACT.QS:WEEK18(T)": " ", 
  "ACT.SV:WEEK20": " ", 
  "ACT.VS:WEEK20": " ", 
  "ACT.QS:WEEK20": " ", 
  "ACT.LB:WEEK20": " ", 
  "ACT.SV:WEEK22(T)": " ", 
  "ACT.QS:WEEK22(T)": " ", 
  "ACT.SV:WEEK24": " ", 
  "ACT.VS:WEEK24": " ", 
  "ACT.QS:WEEK24": " ", 
  "ACT.EX:WEEK2": " ", 
  "ACT.LB:WEEK24": " ", 
  "ACT.EX:WEEK24": " ", 
  "ACT.LB:WEEK26": " ", 
  "ACT.SV:WEEK26": " ", 
  "ACT.VS:WEEK26": " ", 
  "ACT.QS:WEEK26": " ", 
  "ACT.EX:WEEK24": " ", 
  "ACT.DS:WEEK26": " ", 
  "ACT.AE:1001-NOTRESOLVED":" ", 
  "ACT.AE:1002-NOTRESOLVED":" ", 
  "ACT.SV:SCREENING1": " ", 
  "ACT.VS:SCREENING1": " ", 
  "ACT.SC:none": " ", 
  "ACT.QS:SCREENING1": " ", 
  "ACT.MH:SCREENING1": " ", 
  "ACT.DM:none": " ", 
  "ACT.LB:LABBASELINE": " ", 
  "ACT.SV:SCREENING2": " ", 
  "ACT.VS:SCREENING2": " ", 
  "ACT.SV:BASELINE": " ", 
  "ACT.VS:BASELINE": " ", 
  "ACT.QS:BASELINE": " ", 
  "ACT.EX:BASELINE": " ", 
  "ACT.AE:1003-RESOLVED":" ", 
  "ACT.SV:AMBULECGPLACEMENT": " ", 
  "ACT.VS:AMBULECGPLACEMENT": " ", 
  "ACT.SV:WEEK2": " ", 
  "ACT.VS:WEEK2": " ", 
  "ACT.QS:WEEK2": " ", 
  "ACT.EX:BASELINE": " ", 
  "ACT.AE:1004-RESOLVED":" ", 
  "ACT.AE:1005-RESOLVED":" ", 
  "ACT.LB:WEEK2": " ", 
  "ACT.EX:WEEK2": " ", 
  "ACT.SV:UNSCHEDULED": " ", 
  "ACT.SV:WEEK4": " ", 
  "ACT.VS:WEEK4": " ", 
  "ACT.QS:WEEK4": " ", 
  "ACT.LB:UNSCHEDULED": " ", 
  "ACT.LB:WEEK4": " ", 
  "ACT.SV:AMBULECGREMOVAL": " ", 
  "ACT.VS:AMBULECGREMOVAL": " ", 
  "ACT.SV:WEEK6": " ", 
  "ACT.VS:WEEK6": " ", 
  "ACT.QS:WEEK6": " ", 
  "ACT.LB:WEEK6": " ", 
  "ACT.AE:1006-RESOLVED":" ", 
  "ACT.AE:1007-RESOLVED":" ", 
  "ACT.SV:WEEK8": " ", 
  "ACT.VS:WEEK8": " ", 
  "ACT.QS:WEEK8": " ", 
  "ACT.LB:WEEK8": " ", 
  "ACT.SV:WEEK10(T)": " ", 
  "ACT.QS:WEEK10(T)": " ", 
  "ACT.SV:WEEK12": " ", 
  "ACT.VS:WEEK12": " ", 
  "ACT.QS:WEEK12": " ", 
  "ACT.LB:WEEK12": " ", 
  "ACT.SV:WEEK14(T)": " ", 
  "ACT.QS:WEEK14(T)": " ", 
  "ACT.SV:WEEK16": " ", 
  "ACT.VS:WEEK16": " ", 
  "ACT.QS:WEEK16": " ", 
  "ACT.LB:WEEK16": " ", 
  "ACT.SV:WEEK18(T)": " ", 
  "ACT.QS:WEEK18(T)": " ", 
  "ACT.AE:1008-NOTRESOLVED":" ", 
  "ACT.AE:1009-NOTRESOLVED":" ", 
  "ACT.AE:1010-NOTRESOLVED":" ", 
  "ACT.SV:WEEK20": " ", 
  "ACT.VS:WEEK20": " ", 
  "ACT.QS:WEEK20": " ", 
  "ACT.LB:WEEK20": " ", 
  "ACT.SV:WEEK22(T)": " ", 
  "ACT.QS:WEEK22(T)": " ", 
  "ACT.SV:WEEK24": " ", 
  "ACT.VS:WEEK24": " ", 
  "ACT.QS:WEEK24": " ", 
  "ACT.EX:WEEK2": " ", 
  "ACT.LB:WEEK24": " ", 
  "ACT.EX:WEEK24": " ", 
  "ACT.SV:WEEK26": " ", 
  "ACT.VS:WEEK26": " ", 
  "ACT.QS:WEEK26": " ", 
  "ACT.EX:WEEK24": " ", 
  "ACT.DS:WEEK26": " ", 
  "ACT.LB:WEEK26": " "
}
}